query_id,query,domain,doc_id,original_score,original_position,final_score,final_position,is_relevant,triggered_rerank,position_improved
query_1,量子计算的应用前景有哪些？,medical,doc_1_8,0.988807458939145,8,1.683149810719144,1,True,True,True
query_1,量子计算的应用前景有哪些？,medical,doc_1_6,0.6804236659798596,6,1.5932064528470373,2,True,True,True
query_1,量子计算的应用前景有哪些？,medical,doc_1_10,0.9069645615294206,10,1.5502440796879815,3,True,True,True
query_1,量子计算的应用前景有哪些？,medical,doc_1_2,0.5829510973438846,2,0.7610805782061746,4,False,True,False
query_1,量子计算的应用前景有哪些？,medical,doc_1_9,0.35514005466527443,9,0.7167409969797002,5,False,True,True
query_1,量子计算的应用前景有哪些？,medical,doc_1_7,0.3220571476221038,7,0.6862002014007729,6,False,True,True
query_1,量子计算的应用前景有哪些？,medical,doc_1_3,0.6428525376613404,3,0.6123260560029149,7,False,True,False
query_1,量子计算的应用前景有哪些？,medical,doc_1_5,0.09888603378985916,5,0.594992320049591,8,False,True,False
query_1,量子计算的应用前景有哪些？,medical,doc_1_1,0.673246060320388,1,0.568412640230339,9,False,True,False
query_1,量子计算的应用前景有哪些？,medical,doc_1_4,0.0036188661196191463,4,0.4319766815598256,10,False,True,False
query_10,量子计算的应用前景有哪些？,medical,doc_10_10,0.9458633288171402,10,1.8894596396141357,1,True,True,True
query_10,量子计算的应用前景有哪些？,medical,doc_10_8,0.9396292473786865,8,1.765880015608257,2,True,True,True
query_10,量子计算的应用前景有哪些？,medical,doc_10_2,0.923635940825955,2,1.7549648485209615,3,True,True,False
query_10,量子计算的应用前景有哪些？,medical,doc_10_9,0.9247618380827872,9,1.4406757023060022,4,True,True,True
query_10,量子计算的应用前景有哪些？,medical,doc_10_1,0.9982610380829017,1,0.9214754371579824,5,False,True,False
query_10,量子计算的应用前景有哪些？,medical,doc_10_6,0.6271233531140132,6,0.9122765729770191,6,False,True,False
query_10,量子计算的应用前景有哪些？,medical,doc_10_4,0.5922646187615007,4,0.8819722616045074,7,False,True,False
query_10,量子计算的应用前景有哪些？,medical,doc_10_5,0.12461401405170625,5,0.5876933936763898,8,False,True,False
query_10,量子计算的应用前景有哪些？,medical,doc_10_7,0.1468430993964589,7,0.5219484340318152,9,False,True,False
query_10,量子计算的应用前景有哪些？,medical,doc_10_3,0.06535672487889488,3,0.41432150555426694,10,False,True,False
query_11,云计算的未来趋势,tech,doc_11_9,0.929337319546242,9,0.929337319546242,9,True,False,False
query_11,云计算的未来趋势,tech,doc_11_1,0.8599921231053098,1,0.8599921231053098,1,False,False,False
query_11,云计算的未来趋势,tech,doc_11_8,0.7990515857937831,8,0.7990515857937831,8,False,False,False
query_11,云计算的未来趋势,tech,doc_11_10,0.7684915573587756,10,0.7684915573587756,10,True,False,False
query_11,云计算的未来趋势,tech,doc_11_4,0.7525139231821437,4,0.7525139231821437,4,False,False,False
query_11,云计算的未来趋势,tech,doc_11_2,0.7359526227084467,2,0.7359526227084467,2,False,False,False
query_11,云计算的未来趋势,tech,doc_11_3,0.41376285022188386,3,0.41376285022188386,3,False,False,False
query_11,云计算的未来趋势,tech,doc_11_7,0.3625739299139795,7,0.3625739299139795,7,False,False,False
query_11,云计算的未来趋势,tech,doc_11_6,0.11731495767471489,6,0.11731495767471489,6,False,False,False
query_11,云计算的未来趋势,tech,doc_11_5,0.09299115695976023,5,0.09299115695976023,5,False,False,False
query_12,大数据分析在医疗领域的应用,legal,doc_12_9,0.9558776514882517,9,1.528130384128205,1,True,True,True
query_12,大数据分析在医疗领域的应用,legal,doc_12_6,0.4924280850045396,6,1.1962759728129102,2,True,True,True
query_12,大数据分析在医疗领域的应用,legal,doc_12_2,0.4825130119809702,2,0.7139539473338739,3,False,True,False
query_12,大数据分析在医疗领域的应用,legal,doc_12_5,0.060207917200357675,5,0.599085234812583,4,False,True,True
query_12,大数据分析在医疗领域的应用,legal,doc_12_10,0.1907154017980952,10,0.5440382768720047,5,False,True,True
query_12,大数据分析在医疗领域的应用,legal,doc_12_3,0.5985170251557501,3,0.5084102587172172,6,False,True,False
query_12,大数据分析在医疗领域的应用,legal,doc_12_7,0.08311509421456309,7,0.47986415574871155,7,False,True,False
query_12,大数据分析在医疗领域的应用,legal,doc_12_8,0.15715714460280927,8,0.44591311351184326,8,False,True,False
query_12,大数据分析在医疗领域的应用,legal,doc_12_4,0.22865561346947416,4,0.2317416125491976,9,False,True,False
query_12,大数据分析在医疗领域的应用,legal,doc_12_1,0.04029357993955518,1,0.22942184730656023,10,False,True,False
query_13,区块链技术的优势与挑战,medical,doc_13_10,0.6956385569015306,10,1.6811871562471774,1,True,True,True
query_13,区块链技术的优势与挑战,medical,doc_13_9,0.5961560262017898,9,1.541710279062848,2,True,True,True
query_13,区块链技术的优势与挑战,medical,doc_13_8,0.74632346081495,8,1.1060846119613283,3,True,True,True
query_13,区块链技术的优势与挑战,medical,doc_13_3,0.9159790219744854,3,0.9363515969800956,4,False,True,False
query_13,区块链技术的优势与挑战,medical,doc_13_2,0.6888307997775278,2,0.8785536693836449,5,False,True,False
query_13,区块链技术的优势与挑战,medical,doc_13_7,0.565458075597158,7,0.8042188426376413,6,False,True,True
query_13,区块链技术的优势与挑战,medical,doc_13_4,0.6793427488012924,4,0.7812026526727354,7,False,True,False
query_13,区块链技术的优势与挑战,medical,doc_13_6,0.3378632344087059,6,0.6610584037236983,8,False,True,False
query_13,区块链技术的优势与挑战,medical,doc_13_1,0.0001868330296981302,1,0.3607780115888936,9,False,True,False
query_13,区块链技术的优势与挑战,medical,doc_13_5,0.028880966592858104,5,0.3067176197793058,10,False,True,False
query_14,如何预防网络安全攻击？,tech,doc_14_6,0.5820174623048179,6,0.5820174623048179,6,True,False,False
query_14,如何预防网络安全攻击？,tech,doc_14_8,0.461182467865181,8,0.461182467865181,8,True,False,False
query_14,如何预防网络安全攻击？,tech,doc_14_2,0.3729727788178462,2,0.3729727788178462,2,False,False,False
query_14,如何预防网络安全攻击？,tech,doc_14_5,0.25568020634712485,5,0.25568020634712485,5,False,False,False
query_14,如何预防网络安全攻击？,tech,doc_14_7,0.20367938688036613,7,0.20367938688036613,7,False,False,False
query_14,如何预防网络安全攻击？,tech,doc_14_1,0.1636311137987877,1,0.1636311137987877,1,False,False,False
query_14,如何预防网络安全攻击？,tech,doc_14_4,0.15157916724807896,4,0.15157916724807896,4,False,False,False
query_14,如何预防网络安全攻击？,tech,doc_14_3,0.12865461492034946,3,0.12865461492034946,3,False,False,False
query_14,如何预防网络安全攻击？,tech,doc_14_9,0.05253893957069922,9,0.05253893957069922,9,False,False,False
query_14,如何预防网络安全攻击？,tech,doc_14_10,0.036607908925108346,10,0.036607908925108346,10,False,False,False
query_15,大数据分析在医疗领域的应用,tech,doc_15_4,0.8711419221422877,4,0.8711419221422877,4,False,False,False
query_15,大数据分析在医疗领域的应用,tech,doc_15_5,0.8200150854886509,5,0.8200150854886509,5,False,False,False
query_15,大数据分析在医疗领域的应用,tech,doc_15_9,0.73109098211996,9,0.73109098211996,9,True,False,False
query_15,大数据分析在医疗领域的应用,tech,doc_15_10,0.5092601205788523,10,0.5092601205788523,10,False,False,False
query_15,大数据分析在医疗领域的应用,tech,doc_15_3,0.49754209936231897,3,0.49754209936231897,3,False,False,False
query_15,大数据分析在医疗领域的应用,tech,doc_15_2,0.4486966854358233,2,0.4486966854358233,2,False,False,False
query_15,大数据分析在医疗领域的应用,tech,doc_15_1,0.3034849517455275,1,0.3034849517455275,1,False,False,False
query_15,大数据分析在医疗领域的应用,tech,doc_15_8,0.05264399237062378,8,0.05264399237062378,8,False,False,False
query_15,大数据分析在医疗领域的应用,tech,doc_15_7,0.04763966096992556,7,0.04763966096992556,7,False,False,False
query_15,大数据分析在医疗领域的应用,tech,doc_15_6,0.04206397172249898,6,0.04206397172249898,6,False,False,False
query_16,如何提高机器学习模型的准确率？,general,doc_16_7,0.9459027923302114,7,0.9459027923302114,7,False,False,False
query_16,如何提高机器学习模型的准确率？,general,doc_16_2,0.922722022013929,2,0.922722022013929,2,False,False,False
query_16,如何提高机器学习模型的准确率？,general,doc_16_8,0.8308040150571474,8,0.8308040150571474,8,False,False,False
query_16,如何提高机器学习模型的准确率？,general,doc_16_4,0.7725079308021376,4,0.7725079308021376,4,False,False,False
query_16,如何提高机器学习模型的准确率？,general,doc_16_5,0.7280894022094246,5,0.7280894022094246,5,False,False,False
query_16,如何提高机器学习模型的准确率？,general,doc_16_6,0.6521396633917758,6,0.6521396633917758,6,False,False,False
query_16,如何提高机器学习模型的准确率？,general,doc_16_3,0.5826555239614355,3,0.5826555239614355,3,False,False,False
query_16,如何提高机器学习模型的准确率？,general,doc_16_1,0.5064054418490628,1,0.5064054418490628,1,False,False,False
query_16,如何提高机器学习模型的准确率？,general,doc_16_9,0.13959469027463522,9,0.13959469027463522,9,False,False,False
query_16,如何提高机器学习模型的准确率？,general,doc_16_10,0.10749727784911633,10,0.10749727784911633,10,False,False,False
query_17,如何预防网络安全攻击？,tech,doc_17_7,0.9719440938982493,7,0.9719440938982493,7,True,False,False
query_17,如何预防网络安全攻击？,tech,doc_17_2,0.9691654306335983,2,0.9691654306335983,2,False,False,False
query_17,如何预防网络安全攻击？,tech,doc_17_6,0.6181606130657918,6,0.6181606130657918,6,True,False,False
query_17,如何预防网络安全攻击？,tech,doc_17_5,0.5898478747317223,5,0.5898478747317223,5,False,False,False
query_17,如何预防网络安全攻击？,tech,doc_17_10,0.48978282029377296,10,0.48978282029377296,10,True,False,False
query_17,如何预防网络安全攻击？,tech,doc_17_8,0.41945079840229105,8,0.41945079840229105,8,True,False,False
query_17,如何预防网络安全攻击？,tech,doc_17_4,0.41468770361603025,4,0.41468770361603025,4,False,False,False
query_17,如何预防网络安全攻击？,tech,doc_17_9,0.39299327478037516,9,0.39299327478037516,9,False,False,False
query_17,如何预防网络安全攻击？,tech,doc_17_3,0.3162045810969669,3,0.3162045810969669,3,False,False,False
query_17,如何预防网络安全攻击？,tech,doc_17_1,0.3147202116711366,1,0.3147202116711366,1,False,False,False
query_18,如何提高机器学习模型的准确率？,legal,doc_18_6,0.869593894880426,6,1.8667821263993916,1,True,True,True
query_18,如何提高机器学习模型的准确率？,legal,doc_18_7,0.8039200560615918,7,1.5432785016748898,2,True,True,True
query_18,如何提高机器学习模型的准确率？,legal,doc_18_8,0.7724580567838862,8,1.4164458602346213,3,True,True,True
query_18,如何提高机器学习模型的准确率？,legal,doc_18_9,0.8984081933784098,9,1.3526349129630002,4,True,True,True
query_18,如何提高机器学习模型的准确率？,legal,doc_18_4,0.6282216089247316,4,0.6692784445502203,5,False,True,False
query_18,如何提高机器学习模型的准确率？,legal,doc_18_2,0.36983524152069935,2,0.6614518795275519,6,False,True,False
query_18,如何提高机器学习模型的准确率？,legal,doc_18_3,0.3233978104772678,3,0.6597888215171333,7,False,True,False
query_18,如何提高机器学习模型的准确率？,legal,doc_18_10,0.3937689240809955,10,0.6122331147258774,8,False,True,True
query_18,如何提高机器学习模型的准确率？,legal,doc_18_5,0.3543480093426604,5,0.5705744438769389,9,False,True,False
query_18,如何提高机器学习模型的准确率？,legal,doc_18_1,0.15040974280079666,1,0.4995199990408421,10,False,True,False
query_19,云计算的未来趋势,medical,doc_19_6,0.9689421184429103,6,1.8534328463033058,1,True,True,True
query_19,云计算的未来趋势,medical,doc_19_9,0.41799251333709597,9,1.0157587909984485,2,True,True,True
query_19,云计算的未来趋势,medical,doc_19_3,0.6318933705018394,3,0.8760170346697344,3,False,True,False
query_19,云计算的未来趋势,medical,doc_19_2,0.562364028231665,2,0.7872887895921195,4,False,True,False
query_19,云计算的未来趋势,medical,doc_19_4,0.8144035251542292,4,0.7833274628812773,5,False,True,False
query_19,云计算的未来趋势,medical,doc_19_8,0.20451072291703742,8,0.6503653669167961,6,False,True,True
query_19,云计算的未来趋势,medical,doc_19_1,0.45353754065569885,1,0.6378915346369325,7,False,True,False
query_19,云计算的未来趋势,medical,doc_19_10,0.20720369968453867,10,0.6037448223998627,8,False,True,True
query_19,云计算的未来趋势,medical,doc_19_5,0.2740457594979808,5,0.5536145264205617,9,False,True,False
query_19,云计算的未来趋势,medical,doc_19_7,0.1671049608314097,7,0.38132743162662674,10,False,True,False
query_2,什么是人工智能的最新发展？,medical,doc_2_9,0.9165127897512374,9,1.7709823538458718,1,True,True,True
query_2,什么是人工智能的最新发展？,medical,doc_2_6,0.8104565449992222,6,0.8709682202807864,2,False,True,True
query_2,什么是人工智能的最新发展？,medical,doc_2_5,0.6743739807619585,5,0.8002786758494279,3,False,True,True
query_2,什么是人工智能的最新发展？,medical,doc_2_4,0.4744994611517067,4,0.7431722165090604,4,False,True,False
query_2,什么是人工智能的最新发展？,medical,doc_2_3,0.5243957764480509,3,0.6339640203571969,5,False,True,False
query_2,什么是人工智能的最新发展？,medical,doc_2_8,0.39274632325405257,8,0.6293417700326945,6,False,True,True
query_2,什么是人工智能的最新发展？,medical,doc_2_2,0.28380466992954656,2,0.5409444822804612,7,False,True,False
query_2,什么是人工智能的最新发展？,medical,doc_2_7,0.18281515227702205,7,0.47168198758482976,8,False,True,False
query_2,什么是人工智能的最新发展？,medical,doc_2_10,0.06998123767198783,10,0.44074391639233274,9,False,True,True
query_2,什么是人工智能的最新发展？,medical,doc_2_1,0.03675279185053004,1,0.28662111709110316,10,False,True,False
query_20,什么是人工智能的最新发展？,tech,doc_20_4,0.9541989445099527,4,0.9541989445099527,4,False,False,False
query_20,什么是人工智能的最新发展？,tech,doc_20_10,0.9512624482121207,10,0.9512624482121207,10,False,False,False
query_20,什么是人工智能的最新发展？,tech,doc_20_7,0.8026435299081298,7,0.8026435299081298,7,True,False,False
query_20,什么是人工智能的最新发展？,tech,doc_20_5,0.6807910629128722,5,0.6807910629128722,5,False,False,False
query_20,什么是人工智能的最新发展？,tech,doc_20_8,0.6624869768511942,8,0.6624869768511942,8,True,False,False
query_20,什么是人工智能的最新发展？,tech,doc_20_1,0.4133311196579116,1,0.4133311196579116,1,False,False,False
query_20,什么是人工智能的最新发展？,tech,doc_20_3,0.329757136257846,3,0.329757136257846,3,False,False,False
query_20,什么是人工智能的最新发展？,tech,doc_20_9,0.25663831917042546,9,0.25663831917042546,9,False,False,False
query_20,什么是人工智能的最新发展？,tech,doc_20_6,0.18509858889380515,6,0.18509858889380515,6,False,False,False
query_20,什么是人工智能的最新发展？,tech,doc_20_2,0.08670415755588445,2,0.08670415755588445,2,False,False,False
query_21,大数据分析在医疗领域的应用,finance,doc_21_8,0.8259120877712406,8,2.0835532054075507,1,True,True,True
query_21,大数据分析在医疗领域的应用,finance,doc_21_7,0.43347704940948584,7,1.1560417703953434,2,True,True,True
query_21,大数据分析在医疗领域的应用,finance,doc_21_6,0.5352945072581139,6,1.1526006287064952,3,True,True,True
query_21,大数据分析在医疗领域的应用,finance,doc_21_2,0.8923335250749078,2,1.0342631540935072,4,False,True,False
query_21,大数据分析在医疗领域的应用,finance,doc_21_9,0.5310292883380324,9,0.9542075598407802,5,True,True,True
query_21,大数据分析在医疗领域的应用,finance,doc_21_1,0.5302314392822522,1,0.6335089800470339,6,False,True,False
query_21,大数据分析在医疗领域的应用,finance,doc_21_3,0.43122096470569615,3,0.5951507415549113,7,False,True,False
query_21,大数据分析在医疗领域的应用,finance,doc_21_4,0.5729886043920921,4,0.5443082715382216,8,False,True,False
query_21,大数据分析在医疗领域的应用,finance,doc_21_5,0.19616377659424777,5,0.49114202954115804,9,False,True,False
query_21,大数据分析在医疗领域的应用,finance,doc_21_10,0.32420062897032953,10,0.39378888234510623,10,False,True,False
query_22,可持续发展的重要性是什么？,finance,doc_22_10,0.8193251061313079,10,1.4919652726743329,1,True,True,True
query_22,可持续发展的重要性是什么？,finance,doc_22_8,0.4117663272094916,8,1.2554587380580942,2,True,True,True
query_22,可持续发展的重要性是什么？,finance,doc_22_6,0.4099500653683994,6,0.9418721187072658,3,True,True,True
query_22,可持续发展的重要性是什么？,finance,doc_22_7,0.37334168448846616,7,0.8589428002099317,4,False,True,True
query_22,可持续发展的重要性是什么？,finance,doc_22_2,0.9488158804546938,2,0.8405084668172657,5,False,True,False
query_22,可持续发展的重要性是什么？,finance,doc_22_4,0.6954226338023314,4,0.7543373928122228,6,False,True,False
query_22,可持续发展的重要性是什么？,finance,doc_22_9,0.576283105634249,9,0.7095225261378733,7,False,True,True
query_22,可持续发展的重要性是什么？,finance,doc_22_1,0.10156711064495849,1,0.4127396789763962,8,False,True,False
query_22,可持续发展的重要性是什么？,finance,doc_22_5,0.31112419110120015,5,0.403112250271441,9,False,True,False
query_22,可持续发展的重要性是什么？,finance,doc_22_3,0.25339523508281125,3,0.2529188049106108,10,False,True,False
query_23,区块链技术的优势与挑战,tech,doc_23_6,0.9818127175715732,6,0.9818127175715732,6,False,False,False
query_23,区块链技术的优势与挑战,tech,doc_23_10,0.7748990120150799,10,0.7748990120150799,10,True,False,False
query_23,区块链技术的优势与挑战,tech,doc_23_8,0.667153719384539,8,0.667153719384539,8,True,False,False
query_23,区块链技术的优势与挑战,tech,doc_23_4,0.5169518893440667,4,0.5169518893440667,4,False,False,False
query_23,区块链技术的优势与挑战,tech,doc_23_9,0.48187256862696937,9,0.48187256862696937,9,False,False,False
query_23,区块链技术的优势与挑战,tech,doc_23_2,0.46255476140284035,2,0.46255476140284035,2,False,False,False
query_23,区块链技术的优势与挑战,tech,doc_23_5,0.22907181719252256,5,0.22907181719252256,5,False,False,False
query_23,区块链技术的优势与挑战,tech,doc_23_1,0.13139970830046055,1,0.13139970830046055,1,False,False,False
query_23,区块链技术的优势与挑战,tech,doc_23_3,0.10658233876783108,3,0.10658233876783108,3,False,False,False
query_23,区块链技术的优势与挑战,tech,doc_23_7,0.006143372865671237,7,0.006143372865671237,7,False,False,False
query_24,如何预防网络安全攻击？,finance,doc_24_8,0.9402393909431437,8,1.9828236253926,1,True,True,True
query_24,如何预防网络安全攻击？,finance,doc_24_7,0.7238743682498506,7,1.6652211846332978,2,True,True,True
query_24,如何预防网络安全攻击？,finance,doc_24_9,0.41234576985674587,9,1.4985070954454613,3,True,True,True
query_24,如何预防网络安全攻击？,finance,doc_24_3,0.9902583136507326,3,1.0008671702167422,4,False,True,False
query_24,如何预防网络安全攻击？,finance,doc_24_6,0.9852111420881762,6,0.8983250492721573,5,False,True,True
query_24,如何预防网络安全攻击？,finance,doc_24_10,0.40505281499909496,10,0.8412761008045417,6,True,True,True
query_24,如何预防网络安全攻击？,finance,doc_24_5,0.5904073120341199,5,0.7530312597654525,7,False,True,False
query_24,如何预防网络安全攻击？,finance,doc_24_4,0.8360367821998849,4,0.7241188136223567,8,False,True,False
query_24,如何预防网络安全攻击？,finance,doc_24_1,0.3904731257389994,1,0.6783247263438371,9,False,True,False
query_24,如何预防网络安全攻击？,finance,doc_24_2,0.2023012354870508,2,0.4666703151041798,10,False,True,False
query_25,自动驾驶技术的发展现状,legal,doc_25_6,0.40032388543551567,6,1.4755545045090925,1,True,True,True
query_25,自动驾驶技术的发展现状,legal,doc_25_7,0.5654331733073333,7,1.0972753493279574,2,True,True,True
query_25,自动驾驶技术的发展现状,legal,doc_25_8,0.3974043317842033,8,0.8851001775397543,3,False,True,True
query_25,自动驾驶技术的发展现状,legal,doc_25_4,0.7413449792957658,4,0.8171215435753926,4,False,True,False
query_25,自动驾驶技术的发展现状,legal,doc_25_5,0.7002785808394281,5,0.7733875075770938,5,False,True,False
query_25,自动驾驶技术的发展现状,legal,doc_25_2,0.48535860248211404,2,0.7617263487724009,6,False,True,False
query_25,自动驾驶技术的发展现状,legal,doc_25_3,0.46798180854032134,3,0.5730846881575297,7,False,True,False
query_25,自动驾驶技术的发展现状,legal,doc_25_10,0.32435081383377606,10,0.5642251524042733,8,False,True,True
query_25,自动驾驶技术的发展现状,legal,doc_25_1,0.3276596689588258,1,0.5580771886708494,9,False,True,False
query_25,自动驾驶技术的发展现状,legal,doc_25_9,0.647642656289796,9,0.5438452441538143,10,False,True,False
query_26,自动驾驶技术的发展现状,general,doc_26_5,0.9404514537189063,5,0.9404514537189063,5,False,False,False
query_26,自动驾驶技术的发展现状,general,doc_26_3,0.8384876738135273,3,0.8384876738135273,3,False,False,False
query_26,自动驾驶技术的发展现状,general,doc_26_10,0.7652360938307692,10,0.7652360938307692,10,False,False,False
query_26,自动驾驶技术的发展现状,general,doc_26_2,0.6808776703691422,2,0.6808776703691422,2,False,False,False
query_26,自动驾驶技术的发展现状,general,doc_26_9,0.6661626022798036,9,0.6661626022798036,9,True,False,False
query_26,自动驾驶技术的发展现状,general,doc_26_1,0.5919288036938083,1,0.5919288036938083,1,False,False,False
query_26,自动驾驶技术的发展现状,general,doc_26_6,0.5559948615060567,6,0.5559948615060567,6,True,False,False
query_26,自动驾驶技术的发展现状,general,doc_26_4,0.3902357906832915,4,0.3902357906832915,4,False,False,False
query_26,自动驾驶技术的发展现状,general,doc_26_7,0.12933646061999682,7,0.12933646061999682,7,False,False,False
query_26,自动驾驶技术的发展现状,general,doc_26_8,0.12483214094186379,8,0.12483214094186379,8,False,False,False
query_27,5G技术对社会的影响,medical,doc_27_6,0.7973169102081087,6,1.8788194655885655,1,True,True,True
query_27,5G技术对社会的影响,medical,doc_27_7,0.8797999839763316,7,1.6682923800404645,2,True,True,True
query_27,5G技术对社会的影响,medical,doc_27_9,0.9646861329041236,9,0.9064520569408426,3,False,True,True
query_27,5G技术对社会的影响,medical,doc_27_3,0.525693305543629,3,0.7864641414310742,4,False,True,False
query_27,5G技术对社会的影响,medical,doc_27_10,0.5368158010639509,10,0.7524349981589583,5,False,True,True
query_27,5G技术对社会的影响,medical,doc_27_4,0.8004520917909622,4,0.7420306797405857,6,False,True,False
query_27,5G技术对社会的影响,medical,doc_27_1,0.6271803680709466,1,0.6951343977535154,7,False,True,False
query_27,5G技术对社会的影响,medical,doc_27_8,0.25666071054031936,8,0.6815432535919081,8,False,True,False
query_27,5G技术对社会的影响,medical,doc_27_5,0.6094943522552574,5,0.617979579194109,9,False,True,False
query_27,5G技术对社会的影响,medical,doc_27_2,0.11889664688430635,2,0.5072240402333726,10,False,True,False
query_28,云计算的未来趋势,general,doc_28_4,0.9937137617354439,4,0.9937137617354439,4,False,False,False
query_28,云计算的未来趋势,general,doc_28_10,0.8533696913992956,10,0.8533696913992956,10,False,False,False
query_28,云计算的未来趋势,general,doc_28_5,0.7774684848007593,5,0.7774684848007593,5,False,False,False
query_28,云计算的未来趋势,general,doc_28_2,0.6370341900743515,2,0.6370341900743515,2,False,False,False
query_28,云计算的未来趋势,general,doc_28_6,0.4502064258210642,6,0.4502064258210642,6,False,False,False
query_28,云计算的未来趋势,general,doc_28_1,0.36267747099490477,1,0.36267747099490477,1,False,False,False
query_28,云计算的未来趋势,general,doc_28_9,0.29412160514962904,9,0.29412160514962904,9,False,False,False
query_28,云计算的未来趋势,general,doc_28_8,0.28670102080770044,8,0.28670102080770044,8,False,False,False
query_28,云计算的未来趋势,general,doc_28_7,0.06522102766244342,7,0.06522102766244342,7,False,False,False
query_28,云计算的未来趋势,general,doc_28_3,0.017451879525321456,3,0.017451879525321456,3,False,False,False
query_29,云计算的未来趋势,tech,doc_29_8,0.7552540041156901,8,0.7552540041156901,8,True,False,False
query_29,云计算的未来趋势,tech,doc_29_7,0.6815109154435883,7,0.6815109154435883,7,True,False,False
query_29,云计算的未来趋势,tech,doc_29_3,0.6770815399365024,3,0.6770815399365024,3,False,False,False
query_29,云计算的未来趋势,tech,doc_29_6,0.5540380670626892,6,0.5540380670626892,6,False,False,False
query_29,云计算的未来趋势,tech,doc_29_4,0.5464463747461901,4,0.5464463747461901,4,False,False,False
query_29,云计算的未来趋势,tech,doc_29_9,0.5067896487881773,9,0.5067896487881773,9,True,False,False
query_29,云计算的未来趋势,tech,doc_29_2,0.18989986305148587,2,0.18989986305148587,2,False,False,False
query_29,云计算的未来趋势,tech,doc_29_10,0.04250909495277522,10,0.04250909495277522,10,False,False,False
query_29,云计算的未来趋势,tech,doc_29_1,0.03354282542551845,1,0.03354282542551845,1,False,False,False
query_29,云计算的未来趋势,tech,doc_29_5,0.029652153456328656,5,0.029652153456328656,5,False,False,False
query_3,自动驾驶技术的发展现状,finance,doc_3_8,0.9205922402293574,8,1.6651373066303576,1,True,True,True
query_3,自动驾驶技术的发展现状,finance,doc_3_9,0.47843520655794447,9,1.5225345348214931,2,True,True,True
query_3,自动驾驶技术的发展现状,finance,doc_3_6,0.526711936172234,6,1.3949492086010704,3,True,True,True
query_3,自动驾驶技术的发展现状,finance,doc_3_7,0.49596263592792755,7,1.3095818155578738,4,True,True,True
query_3,自动驾驶技术的发展现状,finance,doc_3_4,0.6124969857824168,4,0.6826585147738036,5,False,True,False
query_3,自动驾驶技术的发展现状,finance,doc_3_2,0.5207100359110853,2,0.6762538709204997,6,False,True,False
query_3,自动驾驶技术的发展现状,finance,doc_3_3,0.582689293362655,3,0.6276596630347671,7,False,True,False
query_3,自动驾驶技术的发展现状,finance,doc_3_5,0.17480110771521107,5,0.5829600427565881,8,False,True,False
query_3,自动驾驶技术的发展现状,finance,doc_3_1,0.19897386704776476,1,0.37401941789604287,9,False,True,False
query_3,自动驾驶技术的发展现状,finance,doc_3_10,0.21391289257970592,10,0.21459474451816188,10,False,True,False
query_30,如何提高机器学习模型的准确率？,general,doc_30_9,0.9712781569722837,9,0.9712781569722837,9,True,False,False
query_30,如何提高机器学习模型的准确率？,general,doc_30_4,0.9103075489617495,4,0.9103075489617495,4,False,False,False
query_30,如何提高机器学习模型的准确率？,general,doc_30_8,0.7950850695287451,8,0.7950850695287451,8,False,False,False
query_30,如何提高机器学习模型的准确率？,general,doc_30_3,0.7738663337092347,3,0.7738663337092347,3,False,False,False
query_30,如何提高机器学习模型的准确率？,general,doc_30_1,0.5750419120383035,1,0.5750419120383035,1,False,False,False
query_30,如何提高机器学习模型的准确率？,general,doc_30_7,0.5492278984291873,7,0.5492278984291873,7,False,False,False
query_30,如何提高机器学习模型的准确率？,general,doc_30_5,0.4963548576070189,5,0.4963548576070189,5,False,False,False
query_30,如何提高机器学习模型的准确率？,general,doc_30_10,0.27289090152761597,10,0.27289090152761597,10,False,False,False
query_30,如何提高机器学习模型的准确率？,general,doc_30_6,0.07547027685998187,6,0.07547027685998187,6,False,False,False
query_30,如何提高机器学习模型的准确率？,general,doc_30_2,0.06256584318734382,2,0.06256584318734382,2,False,False,False
query_31,自动驾驶技术的发展现状,general,doc_31_5,0.9103643071042496,5,0.9103643071042496,5,False,False,False
query_31,自动驾驶技术的发展现状,general,doc_31_2,0.8038435586658575,2,0.8038435586658575,2,False,False,False
query_31,自动驾驶技术的发展现状,general,doc_31_10,0.7237350582581411,10,0.7237350582581411,10,True,False,False
query_31,自动驾驶技术的发展现状,general,doc_31_8,0.6604532273818711,8,0.6604532273818711,8,False,False,False
query_31,自动驾驶技术的发展现状,general,doc_31_6,0.6241690507615154,6,0.6241690507615154,6,True,False,False
query_31,自动驾驶技术的发展现状,general,doc_31_3,0.5918691556456783,3,0.5918691556456783,3,False,False,False
query_31,自动驾驶技术的发展现状,general,doc_31_4,0.5819636282536412,4,0.5819636282536412,4,False,False,False
query_31,自动驾驶技术的发展现状,general,doc_31_7,0.41133747383766117,7,0.41133747383766117,7,True,False,False
query_31,自动驾驶技术的发展现状,general,doc_31_9,0.2502294767203964,9,0.2502294767203964,9,False,False,False
query_31,自动驾驶技术的发展现状,general,doc_31_1,0.17459552970124426,1,0.17459552970124426,1,False,False,False
query_32,量子计算的应用前景有哪些？,medical,doc_32_9,0.7761775428143377,9,1.73438760635253,1,True,True,True
query_32,量子计算的应用前景有哪些？,medical,doc_32_10,0.8024987814527557,10,1.6149620201164914,2,True,True,True
query_32,量子计算的应用前景有哪些？,medical,doc_32_6,0.6923654108234029,6,1.5505368168857656,3,True,True,True
query_32,量子计算的应用前景有哪些？,medical,doc_32_8,0.6834594222141426,8,0.8340563301705622,4,False,True,True
query_32,量子计算的应用前景有哪些？,medical,doc_32_3,0.48315605247734583,3,0.8117256119679818,5,False,True,False
query_32,量子计算的应用前景有哪些？,medical,doc_32_2,0.85986153294447,2,0.7432272564817282,6,False,True,False
query_32,量子计算的应用前景有哪些？,medical,doc_32_5,0.36289379494079943,5,0.6542995890685422,7,False,True,False
query_32,量子计算的应用前景有哪些？,medical,doc_32_1,0.37072965313878936,1,0.5446904327215834,8,False,True,False
query_32,量子计算的应用前景有哪些？,medical,doc_32_4,0.299468183163058,4,0.4869114096630588,9,False,True,False
query_32,量子计算的应用前景有哪些？,medical,doc_32_7,0.07717431662786967,7,0.3127859309408102,10,False,True,False
query_33,如何提高机器学习模型的准确率？,general,doc_33_4,0.8083296464578366,4,0.8083296464578366,4,False,False,False
query_33,如何提高机器学习模型的准确率？,general,doc_33_2,0.6871067103005996,2,0.6871067103005996,2,False,False,False
query_33,如何提高机器学习模型的准确率？,general,doc_33_7,0.6155973231399258,7,0.6155973231399258,7,True,False,False
query_33,如何提高机器学习模型的准确率？,general,doc_33_8,0.5455209013774295,8,0.5455209013774295,8,True,False,False
query_33,如何提高机器学习模型的准确率？,general,doc_33_10,0.516632531479085,10,0.516632531479085,10,True,False,False
query_33,如何提高机器学习模型的准确率？,general,doc_33_3,0.2986784030538042,3,0.2986784030538042,3,False,False,False
query_33,如何提高机器学习模型的准确率？,general,doc_33_9,0.20721966488460508,9,0.20721966488460508,9,False,False,False
query_33,如何提高机器学习模型的准确率？,general,doc_33_5,0.19017001352552454,5,0.19017001352552454,5,False,False,False
query_33,如何提高机器学习模型的准确率？,general,doc_33_1,0.08587576803669239,1,0.08587576803669239,1,False,False,False
query_33,如何提高机器学习模型的准确率？,general,doc_33_6,0.05831387019128065,6,0.05831387019128065,6,False,False,False
query_34,区块链技术的优势与挑战,tech,doc_34_3,0.976956996325619,3,0.976956996325619,3,False,False,False
query_34,区块链技术的优势与挑战,tech,doc_34_1,0.8527646796117481,1,0.8527646796117481,1,False,False,False
query_34,区块链技术的优势与挑战,tech,doc_34_9,0.8504006486310579,9,0.8504006486310579,9,True,False,False
query_34,区块链技术的优势与挑战,tech,doc_34_2,0.7209137168352073,2,0.7209137168352073,2,False,False,False
query_34,区块链技术的优势与挑战,tech,doc_34_10,0.6991457979703027,10,0.6991457979703027,10,True,False,False
query_34,区块链技术的优势与挑战,tech,doc_34_7,0.5065686159031584,7,0.5065686159031584,7,True,False,False
query_34,区块链技术的优势与挑战,tech,doc_34_8,0.47373038314378113,8,0.47373038314378113,8,True,False,False
query_34,区块链技术的优势与挑战,tech,doc_34_5,0.13754151023681038,5,0.13754151023681038,5,False,False,False
query_34,区块链技术的优势与挑战,tech,doc_34_6,0.12300888005735122,6,0.12300888005735122,6,False,False,False
query_34,区块链技术的优势与挑战,tech,doc_34_4,0.06249181678606863,4,0.06249181678606863,4,False,False,False
query_35,可持续发展的重要性是什么？,finance,doc_35_2,0.9543131004499359,2,1.94805567570326,1,True,True,True
query_35,可持续发展的重要性是什么？,finance,doc_35_10,0.8112331933394398,10,1.7304872570451346,2,True,True,True
query_35,可持续发展的重要性是什么？,finance,doc_35_3,0.884658317647138,3,0.9227970575609175,3,False,True,False
query_35,可持续发展的重要性是什么？,finance,doc_35_6,0.31170342524271166,6,0.5975661118449959,4,False,True,True
query_35,可持续发展的重要性是什么？,finance,doc_35_9,0.43350845886340283,9,0.49085823605184253,5,False,True,True
query_35,可持续发展的重要性是什么？,finance,doc_35_5,0.16795583709636652,5,0.4818068681282391,6,False,True,False
query_35,可持续发展的重要性是什么？,finance,doc_35_8,0.3852050026471553,8,0.4771067137690538,7,False,True,True
query_35,可持续发展的重要性是什么？,finance,doc_35_1,0.23411189069333205,1,0.379785146537554,8,False,True,False
query_35,可持续发展的重要性是什么？,finance,doc_35_4,0.25536765872160905,4,0.3753937530858936,9,False,True,False
query_35,可持续发展的重要性是什么？,finance,doc_35_7,0.27650767226805384,7,0.33748635944378924,10,False,True,False
query_36,云计算的未来趋势,tech,doc_36_10,0.8943400329282758,10,0.8943400329282758,10,False,False,False
query_36,云计算的未来趋势,tech,doc_36_9,0.820485310266599,9,0.820485310266599,9,True,False,False
query_36,云计算的未来趋势,tech,doc_36_4,0.8092275035202088,4,0.8092275035202088,4,False,False,False
query_36,云计算的未来趋势,tech,doc_36_6,0.7487278484043853,6,0.7487278484043853,6,True,False,False
query_36,云计算的未来趋势,tech,doc_36_3,0.7099906603397077,3,0.7099906603397077,3,False,False,False
query_36,云计算的未来趋势,tech,doc_36_7,0.6550961029841793,7,0.6550961029841793,7,True,False,False
query_36,云计算的未来趋势,tech,doc_36_2,0.6304525671136485,2,0.6304525671136485,2,False,False,False
query_36,云计算的未来趋势,tech,doc_36_1,0.46037416411725307,1,0.46037416411725307,1,False,False,False
query_36,云计算的未来趋势,tech,doc_36_5,0.42519083177413663,5,0.42519083177413663,5,False,False,False
query_36,云计算的未来趋势,tech,doc_36_8,0.21224564045498262,8,0.21224564045498262,8,False,False,False
query_37,云计算的未来趋势,legal,doc_37_9,0.9178339200781878,9,1.8798568990000832,1,True,True,True
query_37,云计算的未来趋势,legal,doc_37_8,0.876298862061306,8,1.6164316019244014,2,True,True,True
query_37,云计算的未来趋势,legal,doc_37_2,0.996289865967033,2,0.8928976389539404,3,False,True,False
query_37,云计算的未来趋势,legal,doc_37_4,0.8659327058753904,4,0.8637002926344511,4,False,True,False
query_37,云计算的未来趋势,legal,doc_37_5,0.44111331036417156,5,0.8261918323861001,5,False,True,False
query_37,云计算的未来趋势,legal,doc_37_1,0.23143188711743545,1,0.613605909056308,6,False,True,False
query_37,云计算的未来趋势,legal,doc_37_3,0.10629454536895666,3,0.5485013467073987,7,False,True,False
query_37,云计算的未来趋势,legal,doc_37_6,0.3227162558692469,6,0.5109233372438492,8,False,True,False
query_37,云计算的未来趋势,legal,doc_37_10,0.7717176821318861,10,0.5072738605812085,9,False,True,True
query_37,云计算的未来趋势,legal,doc_37_7,0.26539677894230485,7,0.48717988608967194,10,False,True,False
query_38,量子计算的应用前景有哪些？,tech,doc_38_10,0.9362700939675719,10,0.9362700939675719,10,True,False,False
query_38,量子计算的应用前景有哪些？,tech,doc_38_9,0.9350879287319122,9,0.9350879287319122,9,True,False,False
query_38,量子计算的应用前景有哪些？,tech,doc_38_3,0.8292129290280602,3,0.8292129290280602,3,False,False,False
query_38,量子计算的应用前景有哪些？,tech,doc_38_8,0.776300222072492,8,0.776300222072492,8,False,False,False
query_38,量子计算的应用前景有哪些？,tech,doc_38_5,0.6127394506338897,5,0.6127394506338897,5,False,False,False
query_38,量子计算的应用前景有哪些？,tech,doc_38_6,0.4989037386006132,6,0.4989037386006132,6,True,False,False
query_38,量子计算的应用前景有哪些？,tech,doc_38_4,0.2885333538300092,4,0.2885333538300092,4,False,False,False
query_38,量子计算的应用前景有哪些？,tech,doc_38_7,0.1346935630532894,7,0.1346935630532894,7,False,False,False
query_38,量子计算的应用前景有哪些？,tech,doc_38_2,0.062100138196986565,2,0.062100138196986565,2,False,False,False
query_38,量子计算的应用前景有哪些？,tech,doc_38_1,0.03305451713805052,1,0.03305451713805052,1,False,False,False
query_39,什么是人工智能的最新发展？,tech,doc_39_7,0.9218042001429536,7,0.9218042001429536,7,True,False,False
query_39,什么是人工智能的最新发展？,tech,doc_39_6,0.6065932570302994,6,0.6065932570302994,6,False,False,False
query_39,什么是人工智能的最新发展？,tech,doc_39_3,0.4282871734388155,3,0.4282871734388155,3,False,False,False
query_39,什么是人工智能的最新发展？,tech,doc_39_1,0.398798682670538,1,0.398798682670538,1,False,False,False
query_39,什么是人工智能的最新发展？,tech,doc_39_8,0.27110916843375166,8,0.27110916843375166,8,False,False,False
query_39,什么是人工智能的最新发展？,tech,doc_39_2,0.26225892742486057,2,0.26225892742486057,2,False,False,False
query_39,什么是人工智能的最新发展？,tech,doc_39_9,0.1931784483383997,9,0.1931784483383997,9,False,False,False
query_39,什么是人工智能的最新发展？,tech,doc_39_10,0.18229688074699013,10,0.18229688074699013,10,False,False,False
query_39,什么是人工智能的最新发展？,tech,doc_39_5,0.16951644490575846,5,0.16951644490575846,5,False,False,False
query_39,什么是人工智能的最新发展？,tech,doc_39_4,0.13570209191463367,4,0.13570209191463367,4,False,False,False
query_4,区块链技术的优势与挑战,tech,doc_4_4,0.938376621950927,4,0.938376621950927,4,False,False,False
query_4,区块链技术的优势与挑战,tech,doc_4_5,0.9298757819397168,5,0.9298757819397168,5,False,False,False
query_4,区块链技术的优势与挑战,tech,doc_4_7,0.860266800009221,7,0.860266800009221,7,True,False,False
query_4,区块链技术的优势与挑战,tech,doc_4_8,0.8470791612758066,8,0.8470791612758066,8,True,False,False
query_4,区块链技术的优势与挑战,tech,doc_4_6,0.5368747748826453,6,0.5368747748826453,6,True,False,False
query_4,区块链技术的优势与挑战,tech,doc_4_10,0.4859632190598656,10,0.4859632190598656,10,False,False,False
query_4,区块链技术的优势与挑战,tech,doc_4_9,0.3701226948809234,9,0.3701226948809234,9,False,False,False
query_4,区块链技术的优势与挑战,tech,doc_4_3,0.3087196838933478,3,0.3087196838933478,3,False,False,False
query_4,区块链技术的优势与挑战,tech,doc_4_2,0.2511500667036639,2,0.2511500667036639,2,False,False,False
query_4,区块链技术的优势与挑战,tech,doc_4_1,0.14088301462063124,1,0.14088301462063124,1,False,False,False
query_40,什么是人工智能的最新发展？,legal,doc_40_9,0.7220056333907415,9,1.6925014996957572,1,True,True,True
query_40,什么是人工智能的最新发展？,legal,doc_40_6,0.6968360656477274,6,1.4540432951824207,2,True,True,True
query_40,什么是人工智能的最新发展？,legal,doc_40_10,0.9347166899620243,10,0.9614495656227622,3,False,True,True
query_40,什么是人工智能的最新发展？,legal,doc_40_1,0.7300960182953687,1,0.8706602037458151,4,False,True,False
query_40,什么是人工智能的最新发展？,legal,doc_40_7,0.7591540208755645,7,0.864041997972984,5,False,True,True
query_40,什么是人工智能的最新发展？,legal,doc_40_4,0.7122478519451626,4,0.80449017281525,6,False,True,False
query_40,什么是人工智能的最新发展？,legal,doc_40_5,0.11583675602777022,5,0.7690726875667283,7,False,True,False
query_40,什么是人工智能的最新发展？,legal,doc_40_3,0.5357575784930779,3,0.46435066560536353,8,False,True,False
query_40,什么是人工智能的最新发展？,legal,doc_40_2,0.07602515996669523,2,0.3661354596864342,9,False,True,False
query_40,什么是人工智能的最新发展？,legal,doc_40_8,0.055174724193353675,8,0.21925059809849312,10,False,True,False
query_41,如何提高机器学习模型的准确率？,general,doc_41_10,0.6860005274624039,10,0.6860005274624039,10,True,False,False
query_41,如何提高机器学习模型的准确率？,general,doc_41_9,0.6521904789696916,9,0.6521904789696916,9,True,False,False
query_41,如何提高机器学习模型的准确率？,general,doc_41_1,0.6006847913468887,1,0.6006847913468887,1,False,False,False
query_41,如何提高机器学习模型的准确率？,general,doc_41_7,0.46575847014754357,7,0.46575847014754357,7,True,False,False
query_41,如何提高机器学习模型的准确率？,general,doc_41_4,0.44044206177330447,4,0.44044206177330447,4,False,False,False
query_41,如何提高机器学习模型的准确率？,general,doc_41_2,0.4092309674182596,2,0.4092309674182596,2,False,False,False
query_41,如何提高机器学习模型的准确率？,general,doc_41_3,0.3448881393456863,3,0.3448881393456863,3,False,False,False
query_41,如何提高机器学习模型的准确率？,general,doc_41_8,0.2841928196034458,8,0.2841928196034458,8,False,False,False
query_41,如何提高机器学习模型的准确率？,general,doc_41_5,0.2806078690424404,5,0.2806078690424404,5,False,False,False
query_41,如何提高机器学习模型的准确率？,general,doc_41_6,0.02110891771741097,6,0.02110891771741097,6,False,False,False
query_42,自动驾驶技术的发展现状,general,doc_42_9,0.9835936922074912,9,0.9835936922074912,9,True,False,False
query_42,自动驾驶技术的发展现状,general,doc_42_8,0.9359101800992345,8,0.9359101800992345,8,True,False,False
query_42,自动驾驶技术的发展现状,general,doc_42_6,0.8289530341882514,6,0.8289530341882514,6,True,False,False
query_42,自动驾驶技术的发展现状,general,doc_42_4,0.7748353255636883,4,0.7748353255636883,4,False,False,False
query_42,自动驾驶技术的发展现状,general,doc_42_1,0.5773554088239966,1,0.5773554088239966,1,False,False,False
query_42,自动驾驶技术的发展现状,general,doc_42_2,0.4362429652953743,2,0.4362429652953743,2,False,False,False
query_42,自动驾驶技术的发展现状,general,doc_42_5,0.3100414442694368,5,0.3100414442694368,5,False,False,False
query_42,自动驾驶技术的发展现状,general,doc_42_3,0.1432658562354019,3,0.1432658562354019,3,False,False,False
query_42,自动驾驶技术的发展现状,general,doc_42_7,0.09182840201508402,7,0.09182840201508402,7,False,False,False
query_42,自动驾驶技术的发展现状,general,doc_42_10,0.05249925982225778,10,0.05249925982225778,10,False,False,False
query_43,如何提高机器学习模型的准确率？,general,doc_43_9,0.9675565063080706,9,0.9675565063080706,9,True,False,False
query_43,如何提高机器学习模型的准确率？,general,doc_43_10,0.850760943641284,10,0.850760943641284,10,True,False,False
query_43,如何提高机器学习模型的准确率？,general,doc_43_3,0.7582691856838171,3,0.7582691856838171,3,False,False,False
query_43,如何提高机器学习模型的准确率？,general,doc_43_1,0.7380128205647333,1,0.7380128205647333,1,False,False,False
query_43,如何提高机器学习模型的准确率？,general,doc_43_4,0.7378137577010948,4,0.7378137577010948,4,False,False,False
query_43,如何提高机器学习模型的准确率？,general,doc_43_5,0.6924414390338598,5,0.6924414390338598,5,False,False,False
query_43,如何提高机器学习模型的准确率？,general,doc_43_8,0.5259999022406476,8,0.5259999022406476,8,True,False,False
query_43,如何提高机器学习模型的准确率？,general,doc_43_7,0.19833885538072915,7,0.19833885538072915,7,False,False,False
query_43,如何提高机器学习模型的准确率？,general,doc_43_2,0.16871647121707556,2,0.16871647121707556,2,False,False,False
query_43,如何提高机器学习模型的准确率？,general,doc_43_6,0.04973621187599109,6,0.04973621187599109,6,False,False,False
query_44,可持续发展的重要性是什么？,tech,doc_44_3,0.9722182009915413,3,0.9722182009915413,3,False,False,False
query_44,可持续发展的重要性是什么？,tech,doc_44_10,0.7763899402332254,10,0.7763899402332254,10,True,False,False
query_44,可持续发展的重要性是什么？,tech,doc_44_7,0.5867422938776043,7,0.5867422938776043,7,True,False,False
query_44,可持续发展的重要性是什么？,tech,doc_44_4,0.47812279278283276,4,0.47812279278283276,4,False,False,False
query_44,可持续发展的重要性是什么？,tech,doc_44_1,0.39677043108836474,1,0.39677043108836474,1,False,False,False
query_44,可持续发展的重要性是什么？,tech,doc_44_5,0.38112976143197685,5,0.38112976143197685,5,False,False,False
query_44,可持续发展的重要性是什么？,tech,doc_44_2,0.33128741750234925,2,0.33128741750234925,2,False,False,False
query_44,可持续发展的重要性是什么？,tech,doc_44_9,0.28548384142551775,9,0.28548384142551775,9,False,False,False
query_44,可持续发展的重要性是什么？,tech,doc_44_6,0.14923679496183917,6,0.14923679496183917,6,False,False,False
query_44,可持续发展的重要性是什么？,tech,doc_44_8,0.029031234529562466,8,0.029031234529562466,8,False,False,False
query_45,云计算的未来趋势,general,doc_45_6,0.9917645157099764,6,0.9917645157099764,6,True,False,False
query_45,云计算的未来趋势,general,doc_45_2,0.888404132579464,2,0.888404132579464,2,False,False,False
query_45,云计算的未来趋势,general,doc_45_7,0.6731922625964081,7,0.6731922625964081,7,True,False,False
query_45,云计算的未来趋势,general,doc_45_8,0.5211272527253462,8,0.5211272527253462,8,False,False,False
query_45,云计算的未来趋势,general,doc_45_1,0.48106980363329466,1,0.48106980363329466,1,False,False,False
query_45,云计算的未来趋势,general,doc_45_10,0.3113178937910852,10,0.3113178937910852,10,False,False,False
query_45,云计算的未来趋势,general,doc_45_4,0.15965367186343715,4,0.15965367186343715,4,False,False,False
query_45,云计算的未来趋势,general,doc_45_5,0.14522393368376885,5,0.14522393368376885,5,False,False,False
query_45,云计算的未来趋势,general,doc_45_9,0.061465626774836246,9,0.061465626774836246,9,False,False,False
query_45,云计算的未来趋势,general,doc_45_3,0.017110518696246135,3,0.017110518696246135,3,False,False,False
query_46,5G技术对社会的影响,finance,doc_46_9,0.46561539370955085,9,1.0625505736000374,1,True,True,True
query_46,5G技术对社会的影响,finance,doc_46_5,0.8758352419944488,5,0.961186680879269,2,False,True,True
query_46,5G技术对社会的影响,finance,doc_46_7,0.9168139771496188,7,0.8533484438991901,3,False,True,True
query_46,5G技术对社会的影响,finance,doc_46_8,0.21399090615213645,8,0.7044194436251315,4,False,True,True
query_46,5G技术对社会的影响,finance,doc_46_1,0.4121864081760028,1,0.6367442997461162,5,False,True,False
query_46,5G技术对社会的影响,finance,doc_46_2,0.2846938469952339,2,0.6009969162478352,6,False,True,False
query_46,5G技术对社会的影响,finance,doc_46_6,0.4671345907402714,6,0.5979253047190958,7,False,True,False
query_46,5G技术对社会的影响,finance,doc_46_10,0.30462729032612035,10,0.5747298244519932,8,False,True,True
query_46,5G技术对社会的影响,finance,doc_46_3,0.352457033895467,3,0.47631012114951543,9,False,True,False
query_46,5G技术对社会的影响,finance,doc_46_4,0.012325319462270556,4,0.3505426045060255,10,False,True,False
query_47,如何预防网络安全攻击？,legal,doc_47_10,0.8720241796064182,10,1.689980681761047,1,True,True,True
query_47,如何预防网络安全攻击？,legal,doc_47_4,0.8741623568257085,4,1.0137289754619454,2,False,True,True
query_47,如何预防网络安全攻击？,legal,doc_47_6,0.7684445362433623,6,0.8426849966932114,3,False,True,True
query_47,如何预防网络安全攻击？,legal,doc_47_8,0.688761712865573,8,0.7604144436409395,4,False,True,True
query_47,如何预防网络安全攻击？,legal,doc_47_3,0.7851748410373185,3,0.727415789411408,5,False,True,False
query_47,如何预防网络安全攻击？,legal,doc_47_1,0.548131462490305,1,0.6562140432067335,6,False,True,False
query_47,如何预防网络安全攻击？,legal,doc_47_5,0.4016175671934763,5,0.5677731096877152,7,False,True,False
query_47,如何预防网络安全攻击？,legal,doc_47_9,0.24317213378711589,9,0.5275127463455167,8,False,True,True
query_47,如何预防网络安全攻击？,legal,doc_47_2,0.020514735900701075,2,0.28468707993035003,9,False,True,False
query_47,如何预防网络安全攻击？,legal,doc_47_7,0.0027725121326557245,7,0.08511798846277052,10,False,True,False
query_48,如何提高机器学习模型的准确率？,finance,doc_48_10,0.5012074539381458,10,1.0336821308639976,1,True,True,True
query_48,如何提高机器学习模型的准确率？,finance,doc_48_2,0.9323394972694405,2,0.7857677768144526,2,False,True,False
query_48,如何提高机器学习模型的准确率？,finance,doc_48_4,0.7285370167345211,4,0.7690415389463894,3,False,True,True
query_48,如何提高机器学习模型的准确率？,finance,doc_48_3,0.8937609575484633,3,0.7589449587614333,4,False,True,False
query_48,如何提高机器学习模型的准确率？,finance,doc_48_7,0.4507693258322425,7,0.7312378098974668,5,False,True,True
query_48,如何提高机器学习模型的准确率？,finance,doc_48_9,0.8006685566757149,9,0.7161683851914291,6,False,True,True
query_48,如何提高机器学习模型的准确率？,finance,doc_48_8,0.03846725719510291,8,0.591743212252426,7,False,True,True
query_48,如何提高机器学习模型的准确率？,finance,doc_48_1,0.10790739617711809,1,0.3807695932345589,8,False,True,False
query_48,如何提高机器学习模型的准确率？,finance,doc_48_5,0.5231087950942032,5,0.36431705860444663,9,False,True,False
query_48,如何提高机器学习模型的准确率？,finance,doc_48_6,0.11479353665354064,6,0.25933577049148937,10,False,True,False
query_49,如何预防网络安全攻击？,legal,doc_49_10,0.8456950322674555,10,1.755667672959825,1,True,True,True
query_49,如何预防网络安全攻击？,legal,doc_49_6,0.4784828246377536,6,1.6316164375951816,2,True,True,True
query_49,如何预防网络安全攻击？,legal,doc_49_7,0.4660144111413772,7,1.1423648930935788,3,True,True,True
query_49,如何预防网络安全攻击？,legal,doc_49_9,0.5381269562351345,9,1.0558033144226822,4,True,True,True
query_49,如何预防网络安全攻击？,legal,doc_49_4,0.9308248110777443,4,0.8261570865492461,5,False,True,False
query_49,如何预防网络安全攻击？,legal,doc_49_8,0.9604046310644319,8,0.8249870632209754,6,False,True,True
query_49,如何预防网络安全攻击？,legal,doc_49_3,0.3439628101696005,3,0.6627671167828323,7,False,True,False
query_49,如何预防网络安全攻击？,legal,doc_49_2,0.1910670614298895,2,0.4311395260714469,8,False,True,False
query_49,如何预防网络安全攻击？,legal,doc_49_1,0.31207635988376237,1,0.37929882250100394,9,False,True,False
query_49,如何预防网络安全攻击？,legal,doc_49_5,0.18926336059225013,5,0.379278283327241,10,False,True,False
query_5,大数据分析在医疗领域的应用,tech,doc_5_10,0.832791898162964,10,0.832791898162964,10,True,False,False
query_5,大数据分析在医疗领域的应用,tech,doc_5_2,0.6088176984633551,2,0.6088176984633551,2,False,False,False
query_5,大数据分析在医疗领域的应用,tech,doc_5_3,0.5735065749685857,3,0.5735065749685857,3,False,False,False
query_5,大数据分析在医疗领域的应用,tech,doc_5_1,0.5510260207507027,1,0.5510260207507027,1,False,False,False
query_5,大数据分析在医疗领域的应用,tech,doc_5_7,0.444636902032868,7,0.444636902032868,7,False,False,False
query_5,大数据分析在医疗领域的应用,tech,doc_5_8,0.38137726008323003,8,0.38137726008323003,8,False,False,False
query_5,大数据分析在医疗领域的应用,tech,doc_5_4,0.28783775805824086,4,0.28783775805824086,4,False,False,False
query_5,大数据分析在医疗领域的应用,tech,doc_5_5,0.23153968072280762,5,0.23153968072280762,5,False,False,False
query_5,大数据分析在医疗领域的应用,tech,doc_5_6,0.23088672019563994,6,0.23088672019563994,6,False,False,False
query_5,大数据分析在医疗领域的应用,tech,doc_5_9,0.17543388220408485,9,0.17543388220408485,9,False,False,False
query_50,可持续发展的重要性是什么？,medical,doc_50_6,0.6243329474748442,6,1.7673304495498425,1,True,True,True
query_50,可持续发展的重要性是什么？,medical,doc_50_8,0.9006674274158534,8,1.746720069825553,2,True,True,True
query_50,可持续发展的重要性是什么？,medical,doc_50_3,0.928213227620224,3,1.0772589084367992,3,False,True,False
query_50,可持续发展的重要性是什么？,medical,doc_50_10,0.9927707020325983,10,0.9209079148650424,4,False,True,True
query_50,可持续发展的重要性是什么？,medical,doc_50_5,0.6083543197860296,5,0.6712766915314533,5,False,True,False
query_50,可持续发展的重要性是什么？,medical,doc_50_4,0.5315847080270037,4,0.652641581460868,6,False,True,False
query_50,可持续发展的重要性是什么？,medical,doc_50_9,0.13833744410267967,9,0.6156866361322504,7,False,True,True
query_50,可持续发展的重要性是什么？,medical,doc_50_2,0.2704663466111509,2,0.5701155600564932,8,False,True,False
query_50,可持续发展的重要性是什么？,medical,doc_50_1,0.4228457399255099,1,0.5266491794986291,9,False,True,False
query_50,可持续发展的重要性是什么？,medical,doc_50_7,0.19112287860829913,7,0.37620341970148696,10,False,True,False
query_6,什么是人工智能的最新发展？,finance,doc_6_7,0.9970877034517653,7,2.0420812843624625,1,True,True,True
query_6,什么是人工智能的最新发展？,finance,doc_6_8,0.9643726333638897,8,1.972086387080207,2,True,True,True
query_6,什么是人工智能的最新发展？,finance,doc_6_4,0.970485780778785,4,1.7722592983437329,3,True,True,True
query_6,什么是人工智能的最新发展？,finance,doc_6_10,0.6705605269863228,10,1.440927669646988,4,True,True,True
query_6,什么是人工智能的最新发展？,finance,doc_6_2,0.9984678987528971,2,0.8628830235057834,5,False,True,False
query_6,什么是人工智能的最新发展？,finance,doc_6_1,0.8764223148591941,1,0.8029280142704006,6,False,True,False
query_6,什么是人工智能的最新发展？,finance,doc_6_3,0.46046410258840875,3,0.6586439448015192,7,False,True,False
query_6,什么是人工智能的最新发展？,finance,doc_6_9,0.31533376749840203,9,0.5419262881971001,8,False,True,True
query_6,什么是人工智能的最新发展？,finance,doc_6_6,0.14996321427416026,6,0.45806718920995637,9,False,True,False
query_6,什么是人工智能的最新发展？,finance,doc_6_5,0.1899806660649307,5,0.3531440478889365,10,False,True,False
query_7,可持续发展的重要性是什么？,general,doc_7_8,0.8492887783233957,8,0.8492887783233957,8,True,False,False
query_7,可持续发展的重要性是什么？,general,doc_7_1,0.7331010749037454,1,0.7331010749037454,1,False,False,False
query_7,可持续发展的重要性是什么？,general,doc_7_7,0.3625963753909338,7,0.3625963753909338,7,False,False,False
query_7,可持续发展的重要性是什么？,general,doc_7_6,0.3370836982098905,6,0.3370836982098905,6,False,False,False
query_7,可持续发展的重要性是什么？,general,doc_7_4,0.26957087342200015,4,0.26957087342200015,4,False,False,False
query_7,可持续发展的重要性是什么？,general,doc_7_3,0.2514645947182973,3,0.2514645947182973,3,False,False,False
query_7,可持续发展的重要性是什么？,general,doc_7_5,0.21047705730629906,5,0.21047705730629906,5,False,False,False
query_7,可持续发展的重要性是什么？,general,doc_7_9,0.032945040514816615,9,0.032945040514816615,9,False,False,False
query_7,可持续发展的重要性是什么？,general,doc_7_2,0.013878623049015326,2,0.013878623049015326,2,False,False,False
query_7,可持续发展的重要性是什么？,general,doc_7_10,0.0018060938508076552,10,0.0018060938508076552,10,False,False,False
query_8,如何提高机器学习模型的准确率？,tech,doc_8_1,0.8256561945475451,1,0.8256561945475451,1,False,False,False
query_8,如何提高机器学习模型的准确率？,tech,doc_8_3,0.7756019241905746,3,0.7756019241905746,3,False,False,False
query_8,如何提高机器学习模型的准确率？,tech,doc_8_7,0.5917020506081753,7,0.5917020506081753,7,True,False,False
query_8,如何提高机器学习模型的准确率？,tech,doc_8_2,0.5644533833744777,2,0.5644533833744777,2,False,False,False
query_8,如何提高机器学习模型的准确率？,tech,doc_8_4,0.29423016766583543,4,0.29423016766583543,4,False,False,False
query_8,如何提高机器学习模型的准确率？,tech,doc_8_5,0.2655705855482755,5,0.2655705855482755,5,False,False,False
query_8,如何提高机器学习模型的准确率？,tech,doc_8_8,0.238559227710457,8,0.238559227710457,8,False,False,False
query_8,如何提高机器学习模型的准确率？,tech,doc_8_6,0.23118981481323064,6,0.23118981481323064,6,False,False,False
query_8,如何提高机器学习模型的准确率？,tech,doc_8_10,0.1294997152214845,10,0.1294997152214845,10,False,False,False
query_8,如何提高机器学习模型的准确率？,tech,doc_8_9,0.07456943439128139,9,0.07456943439128139,9,False,False,False
query_9,云计算的未来趋势,medical,doc_9_8,0.9023326506032442,8,1.5862999687044983,1,True,True,True
query_9,云计算的未来趋势,medical,doc_9_3,0.8828315612485227,3,1.002764329227479,2,False,True,True
query_9,云计算的未来趋势,medical,doc_9_10,0.8203491323054365,10,0.9288230917778661,3,False,True,True
query_9,云计算的未来趋势,medical,doc_9_4,0.5146239636170319,4,0.8811216099652829,4,False,True,False
query_9,云计算的未来趋势,medical,doc_9_9,0.8616573570367412,9,0.8748764216302953,5,False,True,True
query_9,云计算的未来趋势,medical,doc_9_6,0.9377723799864144,6,0.8148271272768828,6,False,True,False
query_9,云计算的未来趋势,medical,doc_9_5,0.1833286579333463,5,0.8020249444899878,7,False,True,False
query_9,云计算的未来趋势,medical,doc_9_1,0.9327266162355834,1,0.6815227654195573,8,False,True,False
query_9,云计算的未来趋势,medical,doc_9_2,0.5441215579474739,2,0.62893994088919,9,False,True,False
query_9,云计算的未来趋势,medical,doc_9_7,0.008937185429467198,7,0.5564448175697524,10,False,True,False
