segment_index,token_count,char_count,has_emoji,has_special_chars,issues,text_preview
0,111,121,是,是,"包含表情符号,包含特殊字符",人工智能（Artificial Intelligence，简称AI）是计算机科学的一个分支，它企图了解智能的实质，并生产出一种新的能以人类智能相似的方式做出反应的智能机器。该领域的研究包括机器人、语言识别、图像识别、自然语言处理和专家系统等。
1,128,110,否,是,包含特殊字符,机器学习是人工智能的一个子领域，它使计算机能够在没有明确编程的情况下学习。机器学习算法通过分析大量数据来识别模式，然后使用这些模式来做出预测或决策。常见的机器学习算法包括线性回归、决策树、随机森林、支持向量机和神经网络。
2,136,124,是,是,"包含表情符号,包含特殊字符",深度学习是机器学习的一个子集，它使用多层神经网络来模拟人脑的工作方式。深度学习在图像识别、语音识别、自然语言处理等领域取得了突破性进展。卷积神经网络（CNN）主要用于图像处理，而循环神经网络（RNN）和长短期记忆网络（LSTM）则擅长处理序列数据。
3,118,124,是,是,"包含表情符号,包含特殊字符",自然语言处理（NLP）是人工智能和语言学的交叉领域，旨在让计算机理解、解释和生成人类语言。NLP技术包括文本分析、情感分析、机器翻译、问答系统等。近年来，基于Transformer架构的大语言模型如GPT、BERT等，在NLP任务上取得了显著成果。
4,117,98,否,是,包含特殊字符,计算机视觉是人工智能的另一个重要分支，它使计算机能够从图像和视频中获取信息。计算机视觉技术包括图像分类、目标检测、图像分割、人脸识别等。这些技术在自动驾驶、医疗影像分析、安防监控等领域有广泛应用。
5,127,105,是,是,"包含表情符号,包含特殊字符",强化学习是一种机器学习方法，智能体通过与环境交互来学习最优行为策略。在强化学习中，智能体根据当前状态选择动作，环境给出奖励信号，智能体根据奖励调整策略。强化学习在游戏AI、机器人控制、推荐系统等领域有重要应用。
6,87,79,否,是,包含特殊字符,数据挖掘是从大量数据中发现有用信息和模式的过程。数据挖掘技术包括分类、聚类、关联规则挖掘、异常检测等。这些技术帮助企业从海量数据中提取商业价值，支持决策制定。
7,95,99,是,是,"包含表情符号,包含特殊字符",云计算是一种通过互联网提供计算资源和服务的技术模式。云计算具有按需使用、弹性扩展、成本效益等优势。主要的云计算服务模式包括基础设施即服务（IaaS）、平台即服务（PaaS）和软件即服务（SaaS）。
8,90,118,是,是,"包含表情符号,包含特殊字符",大数据是指传统数据处理软件无法处理的超大规模数据集。大数据具有四个特征：数据量大（Volume）、数据种类多（Variety）、处理速度快（Velocity）和价值密度低（Value）。大数据技术包括分布式存储、分布式计算、数据仓库等。
9,107,97,否,是,包含特殊字符,区块链是一种分布式账本技术，它通过密码学方法确保数据的安全性和不可篡改性。区块链的核心特征包括去中心化、透明性、不可篡改性和共识机制。区块链技术在数字货币、供应链管理、智能合约等领域有重要应用。
10,103,99,是,是,"包含表情符号,包含特殊字符",物联网（IoT）是指通过互联网连接各种物理设备，使它们能够收集和交换数据。物联网设备包括传感器、执行器、智能家居设备等。物联网技术正在改变我们的生活和工作方式，推动智慧城市、工业4.0等概念的发展。
11,108,89,否,是,包含特殊字符,边缘计算是一种将计算任务从云端转移到网络边缘的技术。边缘计算可以减少延迟、提高响应速度、降低带宽需求。边缘计算在自动驾驶、工业自动化、智能监控等对实时性要求较高的场景中特别重要。
12,79,70,是,是,"包含表情符号,包含特殊字符",5G是第五代移动通信技术，它提供了更高的数据传输速度、更低的延迟和更大的连接容量。5G技术将支持物联网、自动驾驶、虚拟现实等新兴应用的发展。
13,82,72,否,是,包含特殊字符,量子计算是一种基于量子力学原理的计算技术，它利用量子比特的叠加和纠缠特性来执行计算。量子计算在密码学、优化问题、材料科学等领域有潜在的重大突破。
14,102,87,否,是,包含特殊字符,网络安全是保护计算机系统和网络免受攻击、损害或未经授权访问的实践。网络安全技术包括防火墙、入侵检测系统、加密技术、身份认证等。随着网络攻击的日益复杂，网络安全变得越来越重要。
15,92,94,是,是,"包含表情符号,包含特殊字符",软件工程是应用工程原理来设计、开发、维护和测试软件系统的学科。软件工程包括需求分析、系统设计、编码、测试、部署和维护等阶段。敏捷开发、DevOps等现代软件开发方法正在改变软件开发的实践。
16,80,104,是,是,"包含表情符号,包含特殊字符",数据库管理系统（DBMS）是用于管理数据库的软件系统。关系型数据库使用表格来存储数据，而非关系型数据库（NoSQL）则使用文档、键值对、图等不同的数据模型。现代数据库系统需要支持大数据、高并发、分布式等需求。
17,76,99,是,是,"包含表情符号,包含特殊字符",操作系统是管理计算机硬件和软件资源的系统软件。操作系统提供进程管理、内存管理、文件系统、设备驱动等功能。现代操作系统如Windows、Linux、macOS都在不断演进，支持新的硬件特性和应用需求。
18,78,95,是,是,"包含表情符号,包含特殊字符",编程语言是用于编写计算机程序的工具。不同的编程语言有不同的特点和适用场景。Python适合数据科学和机器学习，Java适合企业级应用，C++适合系统编程，JavaScript适合Web开发。
19,71,72,否,否,无,算法和数据结构是计算机科学的基础。算法是解决问题的步骤和方法，数据结构是组织和存储数据的方式。高效的算法和数据结构对于编写高性能的软件至关重要。
20,60,67,否,是,包含特殊字符,软件测试是确保软件质量的重要环节。测试包括单元测试、集成测试、系统测试、验收测试等不同层次。自动化测试可以提高测试效率，减少人工错误。
21,79,84,是,是,"包含表情符号,包含特殊字符",项目管理是确保项目按时、按预算、按质量完成的过程。项目管理包括项目规划、进度控制、风险管理、团队协作等方面。敏捷项目管理方法如Scrum、Kanban等正在被广泛采用。
22,68,76,是,是,"包含表情符号,包含特殊字符",用户体验（UX）设计关注用户与产品交互的体验。UX设计包括用户研究、信息架构、交互设计、可用性测试等。良好的用户体验设计可以提高用户满意度和产品成功率。
23,73,76,否,是,包含特殊字符,产品管理是负责产品全生命周期管理的职能。产品管理包括市场研究、需求分析、产品规划、开发协调、发布推广等。产品经理需要平衡用户需求、技术可行性和商业目标。
24,85,78,是,是,"包含表情符号,包含特殊字符",市场营销是推广和销售产品或服务的过程。数字营销利用互联网和数字技术来接触和吸引客户。内容营销、社交媒体营销、搜索引擎优化（SEO）等都是重要的数字营销策略。
25,78,71,是,是,"包含表情符号,包含特殊字符",商业智能（BI）是使用数据分析和可视化工具来支持商业决策的过程。BI工具可以帮助企业分析历史数据、识别趋势、预测未来，从而做出更好的商业决策。
26,70,72,是,是,"包含表情符号,包含特殊字符",客户关系管理（CRM）是管理公司与客户关系的系统和方法。CRM系统帮助企业跟踪客户互动、管理销售流程、提供客户服务，从而提高客户满意度和忠诚度。
27,60,59,否,是,包含特殊字符,供应链管理是管理从原材料采购到产品交付给客户的整个流程。现代供应链管理利用信息技术来提高效率、降低成本、提高响应速度。
28,69,66,是,是,"包含表情符号,包含特殊字符",人力资源管理关注组织中人员的招聘、培训、绩效评估、薪酬福利等方面。人力资源管理系统（HRMS）可以自动化许多HR流程，提高管理效率。
29,79,69,否,是,包含特殊字符,财务管理是管理组织财务资源的过程。财务管理包括预算编制、成本控制、投资决策、风险管理等方面。财务分析工具可以帮助管理者做出更好的财务决策。
30,85,70,否,是,包含特殊字符,战略管理是制定和实施组织长期目标的过程。战略管理包括环境分析、战略制定、战略实施、战略评估等阶段。成功的战略管理需要平衡内部能力和外部机会。
31,86,72,否,是,包含特殊字符,创新管理是促进和管理组织创新的过程。创新管理包括创新文化建设、创新流程管理、知识产权保护、创新绩效评估等方面。创新是组织持续竞争优势的重要来源。
32,69,60,否,是,包含特殊字符,知识管理是捕获、存储、分享和应用组织知识的过程。知识管理系统可以帮助组织更好地利用内部知识资源，提高决策质量和创新能力。
33,86,81,是,是,"包含表情符号,包含特殊字符",质量管理是确保产品或服务满足客户要求的系统方法。质量管理包括质量规划、质量控制、质量保证、质量改进等过程。ISO 9001等质量管理标准为组织提供了质量管理框架。
34,102,75,否,是,包含特殊字符,风险管理是识别、评估和控制组织面临的各种风险的过程。风险管理包括风险识别、风险分析、风险评估、风险应对等步骤。有效的风险管理可以保护组织免受重大损失。
35,77,67,否,是,包含特殊字符,变革管理是管理组织变革的过程。变革管理包括变革规划、变革实施、变革沟通、变革评估等方面。成功的变革管理需要领导力、沟通能力和员工参与。
36,86,68,否,是,包含特殊字符,领导力是影响和激励他人实现共同目标的能力。领导力包括愿景制定、团队建设、决策制定、沟通协调等方面。不同的领导风格适用于不同的情况和团队。
37,61,57,否,是,包含特殊字符,团队合作是多个个体为实现共同目标而协作的过程。有效的团队合作需要明确的目标、良好的沟通、相互信任、角色分工等要素。
38,69,64,否,是,包含特殊字符,沟通是信息在个体或群体之间传递的过程。有效的沟通需要清晰的信息、适当的渠道、及时的反馈。沟通技能对于个人和组织的成功都至关重要。
39,63,71,否,是,包含特殊字符,时间管理是有效利用时间来实现目标的过程。时间管理包括目标设定、优先级排序、任务规划、时间分配等方面。良好的时间管理可以提高工作效率和生活质量。
40,81,72,否,是,包含特殊字符,压力管理是应对和管理工作或生活中压力的技能。压力管理包括压力识别、压力应对策略、放松技巧、生活方式调整等方面。有效的压力管理有助于保持身心健康。
41,81,68,否,是,包含特殊字符,职业发展是个人在职业生涯中不断成长和进步的过程。职业发展包括技能提升、经验积累、网络建设、机会把握等方面。持续学习是职业发展的重要基础。
42,96,81,否,是,包含特殊字符,终身学习是在整个生命周期中持续获取新知识和技能的过程。终身学习包括正式教育、非正式学习、在线学习、实践学习等多种形式。在快速变化的世界中，终身学习变得越来越重要。
43,87,68,否,是,包含特殊字符,批判性思维是分析、评估和判断信息的能力。批判性思维包括逻辑推理、证据评估、偏见识别、结论形成等方面。批判性思维是做出明智决策的重要基础。
44,86,69,否,是,包含特殊字符,创造性思维是产生新想法和解决方案的能力。创造性思维包括发散思维、收敛思维、头脑风暴、设计思维等方法。创造性思维对于创新和问题解决至关重要。
45,76,74,否,是,包含特殊字符,问题解决是识别、分析和解决复杂问题的过程。问题解决包括问题定义、原因分析、方案生成、方案评估、方案实施等步骤。系统性的问题解决方法可以提高解决效率。
46,89,77,否,是,包含特殊字符,决策制定是在多个选项中选择最佳方案的过程。决策制定包括信息收集、选项分析、风险评估、利益相关者考虑等方面。良好的决策制定技能对于个人和组织的成功都很重要。
47,76,69,否,是,包含特殊字符,情商是理解和管理自己及他人情绪的能力。情商包括自我意识、自我调节、动机、同理心、社交技能等方面。高情商有助于建立良好的人际关系和领导能力。
48,76,74,否,是,包含特殊字符,文化多样性是指组织中存在不同文化背景的成员。文化多样性可以带来不同的观点、创意和解决问题的方法。有效的多样性管理需要包容性文化、公平政策和相互尊重。
49,75,65,否,是,包含特殊字符,包容性领导是创造包容性环境、让所有成员都能发挥潜力的领导方式。包容性领导包括倾听不同声音、提供平等机会、消除偏见、建立信任等方面。
50,80,65,否,是,包含特殊字符,可持续发展是满足当前需求而不损害未来世代满足其需求能力的发展模式。可持续发展包括环境可持续性、社会可持续性、经济可持续性三个维度。
51,75,63,否,是,包含特殊字符,企业社会责任是企业在追求经济利益的同时，承担对社会和环境的责任。企业社会责任包括环境保护、社会公益、员工福利、道德经营等方面。
52,67,63,否,是,包含特殊字符,数字化转型是利用数字技术来改变商业模式、运营流程和客户体验的过程。数字化转型包括技术升级、流程优化、文化变革、技能提升等方面。
53,77,55,否,是,包含特殊字符,敏捷组织是能够快速适应变化、持续创新的组织形态。敏捷组织具有扁平化结构、跨职能团队、快速决策、持续学习等特征。
54,66,52,否,是,包含特殊字符,学习型组织是能够持续学习、适应和创新的组织。学习型组织具有共同愿景、团队学习、系统思考、自我超越等特征。
55,61,55,否,是,包含特殊字符,生态系统思维是将组织视为更大生态系统一部分的思维方式。生态系统思维强调合作、共赢、可持续发展，而不是零和竞争。
56,72,70,否,是,包含特殊字符,平台经济是基于数字平台的新经济模式。平台经济通过连接供需双方、降低交易成本、创造网络效应来创造价值。成功的平台需要良好的治理机制和用户体验。
57,82,74,否,是,包含特殊字符,共享经济是通过共享资源来创造价值的经济模式。共享经济包括共享出行、共享住宿、共享办公等形式。共享经济可以提高资源利用效率，但也带来监管和信任等挑战。
58,75,66,否,是,包含特殊字符,循环经济是减少资源消耗和废物产生的经济模式。循环经济强调资源再利用、废物减量化、产品生命周期管理。循环经济有助于实现可持续发展目标。
59,91,72,否,是,包含特殊字符,绿色技术是减少环境影响的技术。绿色技术包括可再生能源、节能技术、清洁生产技术、废物处理技术等。绿色技术的发展对于应对气候变化和环境保护至关重要。
60,84,69,否,是,包含特殊字符,清洁能源是不产生或很少产生污染物的能源。清洁能源包括太阳能、风能、水能、地热能等。清洁能源的发展对于减少碳排放和应对气候变化具有重要意义。
61,78,65,否,是,包含特殊字符,碳足迹是个人或组织活动产生的温室气体排放量。碳足迹包括直接排放和间接排放。减少碳足迹需要从能源使用、交通出行、消费行为等方面入手。
62,80,67,否,是,包含特殊字符,气候变化是地球气候系统的长期变化。气候变化主要由人类活动产生的温室气体引起。应对气候变化需要减少排放、适应变化、国际合作等多方面努力。
63,85,69,否,是,包含特殊字符,环境保护是保护自然环境和生态系统的活动。环境保护包括污染防治、生态保护、资源节约、环境教育等方面。环境保护需要政府、企业、公众的共同努力。
64,90,83,否,是,包含特殊字符,生物多样性是地球上生物种类的丰富程度。生物多样性对于维持生态平衡、提供生态系统服务、支持人类生存具有重要意义。保护生物多样性需要保护栖息地、控制污染、可持续利用资源。
65,190,156,是,是,"包含表情符号,包含特殊字符",可持续发展目标是联合国制定的17个全球发展目标。这些目标包括消除贫困、零饥饿、良好健康、优质教育、性别平等、清洁饮水和卫生设施、经济适用的清洁能源、体面工作和经济增长、产业创新和基础设施、减少不平等、可持续城市和社区、负责任的消费和生产、气候行动、水下生物、陆地生物、和平正义和强大机构、促进目标实现的伙伴关系。
66,76,69,否,是,包含特殊字符,全球治理是管理全球性问题的国际合作机制。全球治理包括国际组织、国际法、多边协议、全球标准等方面。有效的全球治理需要各国合作、共同承担责任。
67,86,79,否,是,包含特殊字符,国际合作是不同国家在共同利益基础上进行的合作。国际合作包括政治合作、经济合作、科技合作、文化合作等形式。国际合作对于解决全球性问题、促进共同发展具有重要意义。
68,85,73,否,是,包含特殊字符,多边主义是多个国家通过国际组织或协议进行合作的原则。多边主义强调平等参与、共同决策、集体行动。多边主义对于维护国际秩序、促进全球发展具有重要作用。
69,69,61,否,是,包含特殊字符,和平与发展是国际社会的共同目标。和平是发展的前提，发展是和平的保障。维护世界和平、促进共同发展需要各国共同努力、加强合作。
70,113,96,否,是,包含特殊字符,人类命运共同体是习近平主席提出的重要理念，强调各国人民应该共同建设一个持久和平、普遍安全、共同繁荣、开放包容、清洁美丽的世界。构建人类命运共同体需要各国坚持相互尊重、公平正义、合作共赢的原则。
